"Name","Email","Date"
"Adele Wilkinson","jamaal.schaefer@example.com","2021/08/05"
"Dr. Noemi Gutmann Jr.","kautzer.myra@example.org","2021/08/05"
"Hank Leffler V","cronin.joy@example.net","2021/08/05"
"Mr. Dominic Ledner","guadalupe.jones@example.org","2021/08/05"
"Alfredo Reilly","wtorp@example.org","2021/08/05"
"Prof. Erick Kutch","hulda.lindgren@example.com","2021/08/05"
"Davonte Daugherty","thalia.mccullough@example.com","2021/08/05"
"Khalil Kassulke","tshanahan@example.com","2021/08/05"
"Thora Denesik","wiza.maye@example.com","2021/08/05"
"Eriberto Turcotte","margaret37@example.net","2021/08/05"
"Mrs. Deja Carroll","rveum@example.com","2021/08/05"
"Dr. Tyrell Gulgowski I","cecelia14@example.org","2021/08/05"
"Blair Jacobson","houston60@example.org","2021/08/05"
"Xander Moore","stanton.batz@example.net","2021/08/05"
"Madilyn Jenkins","zieme.isabell@example.net","2021/08/05"
"Heidi Jacobi","hane.janelle@example.org","2021/08/05"
"Yasmine Gerhold","shanon89@example.com","2021/08/05"
"June Romaguera","waelchi.roselyn@example.net","2021/08/05"
"Reva Gottlieb","thompson.rhiannon@example.net","2021/08/05"
"Loyal Schowalter","dgutkowski@example.org","2021/08/05"
"Adela Tremblay","maia.hammes@example.org","2021/08/05"
"Scarlett Mertz","mattie.senger@example.com","2021/08/05"
"Keara Mraz","abayer@example.com","2021/08/05"
"Dr. Alyce Kshlerin Sr.","angus77@example.org","2021/08/05"
"Isadore Stanton","barrows.catalina@example.net","2021/08/05"
